
-- populate table usuarios

INSERT INTO USUARIOS (ID,NOMBRE, MAIL, DNI) values (1,"Christian", "christian@example.com", 95888745);
INSERT INTO USUARIOS (ID,NOMBRE, MAIL, DNI) values (2,"Giuliana", "giuliana123@example.com", 95382714);
INSERT INTO USUARIOS (ID,NOMBRE, MAIL, DNI) values (3,"Marco", "Marco55@example.com", 95382999);
INSERT INTO USUARIOS (ID,NOMBRE, MAIL, DNI) values (4,"Angel", "Angel12@example.com", 95888999);
INSERT INTO USUARIOS (ID,NOMBRE, MAIL, DNI) values (5,"Natalia", "Nat25@example.com", 95982333);
INSERT INTO USUARIOS (ID,NOMBRE, MAIL, DNI) values (6,"Emily", "Emily@example.com", 95666787);
INSERT INTO USUARIOS (ID,NOMBRE, MAIL, DNI) values (7,"David", "David25@example.com", 97858966);
INSERT INTO USUARIOS (ID,NOMBRE, MAIL, DNI) values (8,"Gabriela", "Gabriela85@example.com", 33585666);
INSERT INTO USUARIOS (ID,NOMBRE, MAIL, DNI) values (9,"Jose", "Jose2525@example.com", 96555444);
INSERT INTO USUARIOS (ID,NOMBRE, MAIL, DNI) values (10,"Paola", "Paola123@example.com", 24382999);


-- populate table servicios

INSERT INTO servicios (ID,NOMBRE) values (1,"Wifi");
INSERT INTO servicios (ID,NOMBRE) values (2,"Lavanderia");
INSERT INTO servicios (ID,NOMBRE) values (3,"Gym");
INSERT INTO servicios (ID,NOMBRE) values (4,"Transporte");
INSERT INTO servicios (ID,NOMBRE) values (5,"Spa");
INSERT INTO servicios (ID,NOMBRE) values (6,"comida y bebida");
INSERT INTO servicios (ID,NOMBRE) values (7,"Guia turistico");
INSERT INTO servicios (ID,NOMBRE) values (8,"fotografia y recuerdos");
INSERT INTO servicios (ID,NOMBRE) values (9,"Entretenimiento en vivo");
INSERT INTO servicios (ID,NOMBRE) values (10,"Guardería para mascotas");


-- populate table promociones 

INSERT INTO promociones (ID,NOMBRE, PORCENTAJE) values (1,"Vacaciones a mitad", 50.3);
INSERT INTO promociones (ID,NOMBRE, PORCENTAJE) values (2,"Dia de spa", 15);
INSERT INTO promociones (ID,NOMBRE, PORCENTAJE) values (3,"Full day romantico", 12.5);
INSERT INTO promociones (ID,NOMBRE, PORCENTAJE) values (4,"Cultura y gastronomia en un día", 15);
INSERT INTO promociones (ID,NOMBRE, PORCENTAJE) values (5,"Aventura en el Agua", 30);
INSERT INTO promociones (ID,NOMBRE, PORCENTAJE) values (6,"Sushi day", 50);
INSERT INTO promociones (ID,NOMBRE, PORCENTAJE) values (7,"Actividad acuatica buceo", 10);
INSERT INTO promociones (ID,NOMBRE, PORCENTAJE) values (8,"Dia de fotografias", 20);
INSERT INTO promociones (ID,NOMBRE, PORCENTAJE) values (9,"Navegacion al atardecer", 15);
INSERT INTO promociones (ID,NOMBRE, PORCENTAJE) values (10,"Alquiler de auto por dia", 50.5);


-- populate table paquetes 

INSERT INTO paquetes (ID, TITULO, CHECK_IN, CHECK_OUT, DESCRIPCION, PRECIO) values (1,"MARGARITA","2023-09-24 15:30:00", "2023-09-25 15:30:00", "ESTE ES EL PAQUETE MAS COPADO DE MARGARITA CON TODO INCLUIDO", 15 );
INSERT INTO paquetes (ID, TITULO, CHECK_IN, CHECK_OUT, DESCRIPCION, PRECIO) values (2,"LOSROQUES","2023-12-01 14:30:00", "2023-12-20 14:30:00", "ESTE ES EL PAQUETE CON MAS PLAYAS PARADISIACAS", 15 );
INSERT INTO paquetes (ID, TITULO, CHECK_IN, CHECK_OUT, DESCRIPCION, PRECIO) values (3,"CANAIMA","2023-11-01 09:00:00", "2023-11-06 09:00:00", "ESTE ES EL PAQUETE CON UNA INCREIBLE TRAVESIA POR HERMOSAS MONTAÑAS", 20 );
INSERT INTO paquetes (ID, TITULO, CHECK_IN, CHECK_OUT, DESCRIPCION, PRECIO) values (4,"RIO DE JANEIRO","2023-12-01 14:30:00", "2023-12-20 14:30:00", "EN ESTE PAQUETE PODRAS VISITAR AL CRISTO REDENTOR", 20 );
INSERT INTO paquetes (ID, TITULO, CHECK_IN, CHECK_OUT, DESCRIPCION, PRECIO) values (5,"BAHIA DE CATA","2023-10-01 14:30:00", "2023-10-10 14:30:00", "EN ESTE PAQUETE PODRAS RECORRER TODAS SUS PLAYAS A MITAD DE PRECIO", 50 );
INSERT INTO paquetes (ID, TITULO, CHECK_IN, CHECK_OUT, DESCRIPCION, PRECIO) values (6,"ITALIA","2023-09-20 14:30:00", "2023-10-20 14:30:00", "EN ESTE PAQUETE PODRAS DEGUSTAR LAS PASTAS MAS POPULARES", 10 );
INSERT INTO paquetes (ID, TITULO, CHECK_IN, CHECK_OUT, DESCRIPCION, PRECIO) values (7,"MAR DEL PLATA","2023-12-01 11:30:00", "2023-12-20 11:30:00", "ESTE ES EL PAQUETE DONDE PODRAS COMER EN MANOLO AL MEJOR PRECIO", 5 );
INSERT INTO paquetes (ID, TITULO, CHECK_IN, CHECK_OUT, DESCRIPCION, PRECIO) values (8,"TREVELIN","2023-10-15 16:30:00", "2023-10-25 16:30:00", "EN ESTE PAQUETE PODRAS IR A VER LOS TULIPANES", 10 );
INSERT INTO paquetes (ID, TITULO, CHECK_IN, CHECK_OUT, DESCRIPCION, PRECIO) values (9,"IGUAZU","2023-12-05 14:30:00", "2023-12-10 14:30:00", "EN ESTE PAQUETE TE HOSPEDARAS EN EL MEJOR HOTEL CINCO ESTRELLAS", 50 );
INSERT INTO paquetes (ID, TITULO, CHECK_IN, CHECK_OUT, DESCRIPCION, PRECIO) values (10,"BARILOCHE","2023-09-15 14:30:00", "2023-09-25 14:30:00", "EN ESTE PAQUETE PODRAS ESQUIAR CON LOS MEJORES EQUIPOS", 30 );


-- POPULATE TABLE PAQUETES_PROMOCIONES

INSERT INTO paquetes_promociones (ID,PAQUETE_ID, PROMOCION_ID) values (1,1,1);
INSERT INTO paquetes_promociones (ID,PAQUETE_ID, PROMOCION_ID) values (2,1,4);
INSERT INTO paquetes_promociones (ID,PAQUETE_ID, PROMOCION_ID) values (3,5,5);
INSERT INTO paquetes_promociones (ID,PAQUETE_ID, PROMOCION_ID) values (4,10,8);
INSERT INTO paquetes_promociones (ID,PAQUETE_ID, PROMOCION_ID) values (5,3,3);
INSERT INTO paquetes_promociones (ID,PAQUETE_ID, PROMOCION_ID) values (6,6,2);
INSERT INTO paquetes_promociones (ID,PAQUETE_ID, PROMOCION_ID) values (7,7,7);
INSERT INTO paquetes_promociones (ID,PAQUETE_ID, PROMOCION_ID) values (8,8,10);
INSERT INTO paquetes_promociones (ID,PAQUETE_ID, PROMOCION_ID) values (9,2,6);
INSERT INTO paquetes_promociones (ID,PAQUETE_ID, PROMOCION_ID) values (10,1,9);

-- POPULATE TABLE PAQUETES_SERVICIOS

INSERT INTO paquetes_servicios (ID,PAQUETE_ID, SERVICIOS_ID) values (1,1,1);
INSERT INTO paquetes_servicios (ID,PAQUETE_ID, SERVICIOS_ID) values (2,9,6);
INSERT INTO paquetes_servicios (ID,PAQUETE_ID, SERVICIOS_ID) values (3,10,4);
INSERT INTO paquetes_servicios (ID,PAQUETE_ID, SERVICIOS_ID) values (4,2,8);
INSERT INTO paquetes_servicios (ID,PAQUETE_ID, SERVICIOS_ID) values (5,6,10);
INSERT INTO paquetes_servicios (ID,PAQUETE_ID, SERVICIOS_ID) values (6,4,5);
INSERT INTO paquetes_servicios (ID,PAQUETE_ID, SERVICIOS_ID) values (7,8,7);
INSERT INTO paquetes_servicios (ID,PAQUETE_ID, SERVICIOS_ID) values (8,5,4);
INSERT INTO paquetes_servicios (ID,PAQUETE_ID, SERVICIOS_ID) values (9,3,7);
INSERT INTO paquetes_servicios (ID,PAQUETE_ID, SERVICIOS_ID) values (10,10,2);


-- table reservas 

INSERT INTO reservas (ID,PRECIO, CHECK_IN, CHECK_OUT, USER_ID, PAQUETES_ID) values (1,30,"2023-09-24 15:30:00", "2023-09-25 15:30:00",1,1);
INSERT INTO reservas (ID,PRECIO, CHECK_IN, CHECK_OUT, USER_ID, PAQUETES_ID) values (2,90,"2023-12-24 15:30:00", "2024-01-25 15:30:00",1,3);
INSERT INTO reservas (ID,PRECIO, CHECK_IN, CHECK_OUT, USER_ID, PAQUETES_ID) values (3,100,"2023-11-24 15:30:00", "2023-12-24 15:30:00",5,6);
INSERT INTO reservas (ID,PRECIO, CHECK_IN, CHECK_OUT, USER_ID, PAQUETES_ID) values (4,150,"2023-10-24 15:30:00", "2023-11-04 15:30:00",3,10);
INSERT INTO reservas (ID,PRECIO, CHECK_IN, CHECK_OUT, USER_ID, PAQUETES_ID) values (5,10,"2023-09-24 15:30:00", "2023-09-30 15:30:00",2,8);
INSERT INTO reservas (ID,PRECIO, CHECK_IN, CHECK_OUT, USER_ID, PAQUETES_ID) values (6,110.7,"2023-09-24 15:30:00", "2023-10-25 15:30:00",10,1);
INSERT INTO reservas (ID,PRECIO, CHECK_IN, CHECK_OUT, USER_ID, PAQUETES_ID) values (7,167.9,"2024-01-24 15:30:00", "2024-02-25 15:30:00",8,3);
INSERT INTO reservas (ID,PRECIO, CHECK_IN, CHECK_OUT, USER_ID, PAQUETES_ID) values (8,300,"2023-09-30 15:30:00", "2023-11-30 15:30:00",4,7);
INSERT INTO reservas (ID,PRECIO, CHECK_IN, CHECK_OUT, USER_ID, PAQUETES_ID) values (9,270.5,"2023-10-01 15:30:00", "2023-10-30 15:30:00",6,4);
INSERT INTO reservas (ID,PRECIO, CHECK_IN, CHECK_OUT, USER_ID, PAQUETES_ID) values (10,200,"2024-02-10 15:30:00", "2024-02-25 15:30:00",9,5);
